Workbook

Sheet Overview
A1: ASONAM 2026 Reviewer Feedback & Revision Tracker
K2: Reviewer | L2: Action Items
A3: Paper ID | B3: 87 | D3: Track | E3: ASONAM2026 -Research Track | K3: Reviewer #3 | L3: =E8
A4: Paper Title | B4: From Legal Text to Legal Graphs: Judgment Prediction with Graph Neural Networks | K4: Reviewer #4 | L4: =E9
K5: Reviewer #5 | L5: =E10
K6: Reviewer #6 | L6: =E11
A7: Reviewer | B7: Overall Evaluation | C7: Confidence | D7: Review Points | E7: Action Items | F7: Done | G7: In Progress | H7: Not Started | I7: Not Applicable
A8: Reviewer #3 | B8: Accept | C8: High | D8: =COUNTA('Reviewer 3 Review'!$D$8:$D$21) | E8: =COUNTA('Reviewer 3 To-Do'!$A$9:$A$12) | F8: =COUNTIF('Reviewer 3 To-Do'!$H$9:$H$12,"Done") | G8: =COUNTIF('Reviewer 3 To-Do'!$H$9:$H$12,"In Progress") | H8: =COUNTIF('Reviewer 3 To-Do'!$H$9:$H$12,"Not Started") | I8: =COUNTIF('Reviewer 3 To-Do'!$H$9:$H$12,"Not Applicable")
A9: Reviewer #4 | B9: Weak Reject | C9: High | D9: =COUNTA('Reviewer 4 Review'!$D$8:$D$202) | E9: =COUNTA('Reviewer 4 To-Do'!$A$9:$A$34) | F9: =COUNTIF('Reviewer 4 To-Do'!$H$9:$H$34,"Done") | G9: =COUNTIF('Reviewer 4 To-Do'!$H$9:$H$34,"In Progress") | H9: =COUNTIF('Reviewer 4 To-Do'!$H$9:$H$34,"Not Started") | I9: =COUNTIF('Reviewer 4 To-Do'!$H$9:$H$34,"Not Applicable")
A10: Reviewer #5 | B10: Accept | C10: High | D10: =COUNTA('Reviewer 5 Review'!$D$8:$D$20) | E10: =COUNTA('Reviewer 5 To-Do'!$A$9:$A$9) | F10: =COUNTIF('Reviewer 5 To-Do'!$H$9:$H$9,"Done") | G10: =COUNTIF('Reviewer 5 To-Do'!$H$9:$H$9,"In Progress") | H10: =COUNTIF('Reviewer 5 To-Do'!$H$9:$H$9,"Not Started") | I10: =COUNTIF('Reviewer 5 To-Do'!$H$9:$H$9,"Not Applicable")
A11: Reviewer #6 | B11: Borderline Paper | C11: High | D11: =COUNTA('Reviewer 6 Review'!$D$8:$D$18) | E11: =COUNTA('Reviewer 6 To-Do'!$A$9:$A$11) | F11: =COUNTIF('Reviewer 6 To-Do'!$H$9:$H$11,"Done") | G11: =COUNTIF('Reviewer 6 To-Do'!$H$9:$H$11,"In Progress") | H11: =COUNTIF('Reviewer 6 To-Do'!$H$9:$H$11,"Not Started") | I11: =COUNTIF('Reviewer 6 To-Do'!$H$9:$H$11,"Not Applicable")
A14: How to use the tracker
A15: 1 | B15: Read | C15: Use each Review sheet for the complete verbatim reviewer feedback.
A16: 2 | B16: Plan | C16: Use each To-Do sheet for the extracted revision tasks.
A17: 3 | B17: Track | C17: Update Priority, Status, Author Response / Change Made, and Paper Section / Location.
A18: 4 | B18: Respond | C18: Keep the reviewer quotation unchanged and write your response in the editable columns.

Sheet Reviewer 3 Review
A1: Reviewer #3 — Complete Review (Verbatim)
A3: Overall Evaluation | B3: Accept | C3: Confidence | D3: High
A4: Paper Type | B4: Should be accepted as a Long Paper
A6: All wording below is copied directly from the uploaded review text.
A7: Section | B7: Point # | C7: Source Line | D7: Verbatim Reviewer Text
A8: Paper Summary | B8: 1 | C8: 19 | D8: The paper presents LegalGraph-LJP, a heterogeneous graph framework that predicts outcomes of Indian High Court cases by modeling judgments as structured legal knowledge graphs. Using a dataset of over 73,000 multi-hearing cases across five domains, the approach constructs typed nodes for statutes, precedents, arguments, and actors, then applies a Heterogeneous Graph Transformer to achieve 80.6% accuracy. The framework includes leakage-aware preprocessing to prevent outcome shortcuts and provides counterfactual-based explainability that outperforms black-box LLMs like InLegalLlama (62.5% accuracy). Temporal analysis across hearings shows the model self-corrects 74.5% of initially wrong predictions as new evidence accumulates structurally.
A9: Strengths | B9: 1 | C9: 21 | D9: - The paper is well-written, with clear sentence structures and minimal ambiguity. Technical terms are defined.
A10: Strengths | B10: 2 | C10: 22 | D10: - Strong empirical results
A11: Strengths | B11: 3 | C11: 23 | D11: - The analysis of 309 multi-hearing cases showing 74.5% self-correction rate from first hearing to final outcome is novel and practically valuable for legal practitioners.
A12: Weaknesses | B12: 1 | C12: 25 | D12: - Outcome labels are LLM-derived (weak supervision)
A13: Weaknesses | B13: 2 | C13: 26 | D13: - No cross-jurisdiction or cross-domain validation
A14: Weaknesses | B14: 3 | C14: 27 | D14: - Limited comparison against non-LLM baselines
A15: Weaknesses | B15: 4 | C15: 28 | D15: - HGT architecture choice is not ablated
A16: Overall evaluation | B16: 1 | C16: 30 | D16: Accept
A17: Detailed Comments | B17: 1 | C17: 32 | D17: - The paper uses HGT [8] but does not compare against simpler GNNs (GCN, GraphSAGE, GAT) on the same graph. It is unclear whether the complexity of heterogeneous attention is necessary or a simpler model would suffice.
A18: Detailed Comments | B18: 2 | C18: 33 | D18: - The paper compares against InLegalLlama (generative LLM) and text-only ablations, but not against simpler baselines such as SVM on TF-IDF, Logistic Regression on entity counts, or XGBoost. The absolute improvement over a trivial baseline is not shown.
A19: Detailed Comments | B19: 3 | C19: 34 | D19: - The model is trained and tested only on Indian High Court cases. Whether the graph architecture generalizes to other common law systems (UK, US, Canada) or to trial-level judgments is untested.
... A21: Reviewer's confidence | B21: 1 | C21: 38 | D21: High

Sheet Reviewer 3 To-Do
A1: Reviewer #3 — Revision To-Do Tracker
A3: Overall Evaluation | B3: Accept | C3: Confidence | D3: High | E3: Total Tasks | F3: =COUNTA(A9:A12) | G3: Done | H3: =COUNTIF(H9:H12,"Done") | I3: Completion | J3: =IF(F3=0,0,H3/F3)
A5: Reviewer quotations are verbatim. Update only the tracking, response, and paper-location columns.
A8: Task ID | B8: Category | C8: Source Section | D8: Source Line(s) | E8: Verbatim Reviewer Point | F8: Suggested Action | G8: Priority | H8: Status | I8: Author Response / Change Made | J8: Paper Section / Location
A9: R3-01 | B9: Label quality | C9: Weaknesses | D9: 25 | E9: - Outcome labels are LLM-derived (weak supervision) | F9: Add a clear label-generation and validation description, including a human-checked subset or an explicit limitation. | G9: High | H9: Not Started
A10: R3-02 | B10: Generalization | C10: Weaknesses + Detailed Comments | D10: 26, 34 | E10: - No cross-jurisdiction or cross-domain validation - The model is trained and tested only on Indian High Court cases. Whether the graph architecture generalizes to other common law systems (UK, US, Canada) or to trial-level judgments is untested. | F10: Add cross-domain/cross-jurisdiction evidence where feasible, or clearly narrow the generalization claim and state this limitation. | G10: High | H10: Not Started
A11: R3-03 | B11: Baselines & comparisons | C11: Weaknesses + Detailed Comments | D11: 27, 33 | E11: - Limited comparison against non-LLM baselines - The paper compares against InLegalLlama (generative LLM) and text-only ablations, but not against simpler baselines such as SVM on TF-IDF, Logistic Regression on entity counts, or XGBoost. The absolute improvement over a trivial baseline is not shown. | F11: Add simple non-LLM baselines and report the absolute improvement over them. | G11: High | H11: Not Started
A12: R3-04 | B12: Ablations & architecture | C12: Weaknesses + Detailed Comments | D12: 28, 32 | E12: - HGT architecture choice is not ablated - The paper uses HGT [8] but does not compare against simpler GNNs (GCN, GraphSAGE, GAT) on the same graph. It is unclear whether the complexity of heterogeneous attention is necessary or a simpler model would suffice. | F12: Compare HGT with simpler GNN architectures or justify why this ablation cannot be added. | G12: High | H12: Not Started

Sheet Reviewer 4 Review
A1: Reviewer #4 — Complete Review (Verbatim)
A3: Overall Evaluation | B3: Weak Reject | C3: Confidence | D3: High
A4: Paper Type | B4: Should be accepted as a Long Paper
A6: All wording below is copied directly from the uploaded review text.
A7: Section | B7: Point # | C7: Source Line | D7: Verbatim Reviewer Text
A8: Paper Summary | B8: 1 | C8: 42 | D8: This paper presents LegalGraph-LJP, a heterogeneous graph neural network framework for Legal Judgment Prediction (LJP) on Indian High Court cases. The authors construct a graph from legal judgments using rhetorical roles, named legal entities, statutes, provisions, precedents, judges, lawyers, and argument structures. The work emphasizes leakage-aware preprocessing and explainability. The proposed framework uses a Heterogeneous Graph Transformer (HGT) and is evaluated on a newly collected dataset of approximately 72k multi-hearing Indian court cases across five legal domains. The paper also includes robustness analyses, explainability experiments, and comparison against InLegalLlama baselines.
A9: Paper Summary | B9: 2 | C9: 44 | D9: The paper addresses an important problem in Legal NLP and judicial analytics, especially for Indian legal systems where documents are noisy, multilingual, and spread across hearings.
A10: Strengths | B10: 1 | C10: 46 | D10: The paper tackles a highly relevant and impactful problem in Legal NLP, specifically in the underexplored Indian legal context.
A11: Strengths | B11: 2 | C11: 47 | D11: The heterogeneous graph formulation is technically interesting and more expressive than standard text-only approaches.
A12: Strengths | B12: 3 | C12: 48 | D12: The focus on leakage prevention is commendable and much stronger than many prior LJP works.
A13: Strengths | B13: 4 | C13: 49 | D13: The dataset scale (~72k cases) is significant.
A14: Strengths | B14: 5 | C14: 50 | D14: The use of rhetorical roles and legal entities for graph construction is well motivated.
A15: Strengths | B15: 6 | C15: 51 | D15: The paper includes several robustness and explainability analyses rather than only reporting predictive performance.
A16: Strengths | B16: 7 | C16: 52 | D16: The temporal hearing-evolution analysis is novel and potentially impactful.
A17: Strengths | B17: 8 | C17: 53 | D17: The comparison against a legal-domain LLM baseline is useful and highlights limitations of generative systems.
A18: Strengths | B18: 9 | C18: 54 | D18: The discussion section explicitly acknowledges limitations and ethical concerns, which is appreciated.
A19: Strengths | B19: 10 | C19: 55 | D19: The paper is generally well written and organized.
... A202: Reviewer's confidence | B202: 1 | C202: 304 | D202: High

Sheet Reviewer 4 To-Do
A1: Reviewer #4 — Revision To-Do Tracker
A3: Overall Evaluation | B3: Weak Reject | C3: Confidence | D3: High | E3: Total Tasks | F3: =COUNTA(A9:A34) | G3: Done | H3: =COUNTIF(H9:H34,"Done") | I3: Completion | J3: =IF(F3=0,0,H3/F3)
A5: Reviewer quotations are verbatim. Update only the tracking, response, and paper-location columns.
A8: Task ID | B8: Category | C8: Source Section | D8: Source Line(s) | E8: Verbatim Reviewer Point | F8: Suggested Action | G8: Priority | H8: Status | I8: Author Response / Change Made | J8: Paper Section / Location
A9: R4-01 | B9: Literature review | C9: Weaknesses | D9: 57, 59 | E9: 1. Literature review is incomplete and misses several highly relevant recent works The related work section is reasonably structured but still incomplete for a top-tier ASONAM submission. Several important recent legal reasoning, explainability, fairness, and Indian legal judgment prediction papers are missing, including: | F9: Expand the related-work section and strengthen the novelty/research-gap positioning. | G9: High | H9: Not Started
A10: R4-02 | B10: Literature review | C10: Weaknesses | D10: 61–67 | E10: Legalreasoner Legal Judgment Reimagined: PredEx and the Rise of Intelligent AI Interpretation in Indian Courts Iteratively Questioning and Answering for Interpretable Legal Judgment Prediction Vichara: Appellate Judgment Prediction and Explanation for the Indian Judicial System Towards Explainability and Fairness in Swiss Judgement Prediction Tathyanyaya and FactLegalLLaMA Exploring Graph Neural Networks for Indian Legal Judgment Prediction | F10: Cite and discuss the listed works where relevant, explaining similarities and differences. | G10: High | H10: Not Started
A11: R4-03 | B11: Novelty positioning | C11: Weaknesses | D11: 69, 71–77, 79 | E11: These works are particularly important because they directly address: explainability, fairness, reasoning verification, graph-based legal modeling, Indian legal prediction, factual consistency, interpretable legal AI. The omission weakens the novelty positioning and research gap formulation. | F11: Use these themes to revise the novelty statement and research-gap formulation. | G11: High | H11: Not Started
A12: R4-04 | B12: Literature review | C12: Weaknesses | D12: 81–82 | E12: I have found this but there are many more like 30 related papers: Shi, W., Zhu, H., Ji, J., Li, M., Zhang, J., Zhang, R., ... & Guo, Y. (2025, July). Legalreasoner: Step-wised verification-correction for legal judgment reasoning. In Proceedings of the 63rd Annual Meeting of the Association for Computational Linguistics (Volume 1: Long Papers) (pp. 7297-7313). Nigam, S. K., Sharma, A., Khanna, D., Shallum, N., Ghosh, K., & Bhattacharya, A. (2024, August). Legal judgment reimagined: PredEx and the rise of intelligent AI interpretation in Indian courts. In Findings of the Association for Computational Linguistics: ACL 2024 (pp. 4296-4315). Zhong, H., Wang, Y., Tu, C., Zhang, T., Liu, Z., & Sun, M. (2020, April). Iteratively questioning and answering for interpretable legal judgment prediction. In Proceedings of the AAAI conference on artificial intelligence (Vol. 34, No. 01, pp. 1250-1257) Nair, P. P., & Anish, P. R. (2026). Vichara: Appellate Judgment Prediction and Explanation for the Indian Judicial System. arXiv preprint arXiv:2602.18346. Santosh, T. Y. S. S., Baumgartner, N., Stürmer, M., Grabmair, M., & Niklaus, J. (2024, May). Towards explainability and fairness in swiss judgement prediction: Benchmarking on a multilingual dataset. In Proceedings of the 2024 Joint International Conference on Computational Linguistics, Language Resources and Evaluation (LREC-COLING 2024) (pp. 16500-16513). Nigam, S. K., Patnaik, B. D., Mishra, S., Shallum, N., Ghosh, K., & Bhattacharya, A. (2025, December). Tathyanyaya and factlegalllama: Advancing factual judgment prediction and explanation in the indian legal context. In Proceedings of the 14th International Joint Conference on Natural Language Processing and the 4th Conference of the Asia-Pacific Chapter of the Association for Computational Linguistics (pp. 985-1002). Khatri, M., Yusuf, M., Kumar, Y., Ratn Shah, R., & Kumaraguru, P. (2023). Exploring Graph Neural Networks for Indian Legal Judgment Prediction. arXiv e-prints, arXiv-2310. | F12: Review the supplied references, add the most relevant ones, and distinguish the contribution from prior work. | G12: Medium | H12: Not Started
A13: R4-05 | B13: Reproducibility | C13: Weaknesses | D13: 84, 86 | E13: 2. Weak reproducibility despite claims of transparency Although the paper repeatedly emphasizes auditability and determinism, reproducibility details remain insufficient for full replication. | F13: Add a compact but complete reproducibility section or appendix. | G13: High | H13: Not Started
A14: R4-06 | B14: Reproducibility | C14: Weaknesses | D14: 90–99 | E14: Exact hyperparameters for HGT: hidden dimensions, attention heads, dropout, learning rates, batch size, epochs, scheduler settings, patience values, optimizer parameters. | F14: Add a full HGT hyperparameter table covering every listed setting. | G14: High | H14: Not Started
A15: R4-07 | B15: Graph statistics | C15: Weaknesses | D15: 100–105 | E15: Graph statistics are absent: total nodes, total edges, average graph size, edge-type distributions, entity frequencies. | F15: Report the requested graph-size and distribution statistics. | G15: High | H15: Not Started
A16: R4-08 | B16: NER & preprocessing | C16: Weaknesses | D16: 106–112 | E16: NER preprocessing details are unclear: Which OpenNyAI model version was used? Was any fine-tuning performed? How were noisy OCR artifacts handled? How were multilingual segments processed? What normalization heuristics were applied? How were entity collisions/resolution handled? | F16: Document the exact NER model, fine-tuning status, OCR/multilingual handling, normalization, and entity resolution. | G16: High | H16: Not Started
A17: R4-09 | B17: Label quality | C17: Weaknesses | D17: 113–120, 122 | E17: Label generation methodology is insufficiently specified: Exact prompting template missing. Which LLM generated labels? Temperature/settings not described. No annotation quality analysis. No human validation subset. No inter-annotator agreement. No noise estimation. Given that labels are generated using LLM prompting, this is a major concern because label quality directly determines downstream validity. | F17: Fully specify label generation and add label-quality validation or a quantified noise analysis. | G17: High | H17: Not Started
A18: R4-10 | B18: Baselines & comparisons | C18: Weaknesses | D18: 124, 126, 128, 130–135 | E18: 3. State-of-the-art comparisons are insufficient The paper mainly compares against InLegalLlama. This is not enough. The paper should compare against: transformer baselines, hierarchical encoders, retrieval-based legal models, graph baselines, hybrid GNN+Transformer architectures, explainable legal reasoning systems. | F18: Add stronger model-family comparisons or explicitly qualify state-of-the-art claims. | G18: High | H18: Not Started
A19: R4-11 | B19: Baselines & comparisons | C19: Weaknesses | D19: 139, 141–145 | E19: In particular, comparisons are missing against: ILDC baselines, PredEx, graph legal prediction architectures, legal reasoning systems with chain-of-thought or verification, recent legal explanation models. | F19: Compare against the specifically named baseline families where feasible. | G19: High | H19: Not Started
A20: R4-12 | B20: Statistical rigor | C20: Weaknesses | D20: 147, 149–153 | E20: Additionally: No statistical significance testing is reported. No variance/std over folds. Macro-F1 is reported inconsistently. No calibration metrics. No fairness metrics. | F20: Add significance testing, fold variance, consistent macro-F1 reporting, calibration, and fairness metrics. | G20: High | H20: Not Started
... A34: R4-26 | B34: Evaluation completeness | C34: Detailed Comments | D34: 292, 294–300 | E34: Please add: statistical significance tests, confidence intervals, more baselines, error analysis, calibration metrics, fairness metrics, qualitative examples. | F34: Add the requested statistical tests, intervals, baselines, error analysis, calibration, fairness metrics, and examples. | G34: High | H34: Not Started

Sheet Reviewer 5 Review
A1: Reviewer #5 — Complete Review (Verbatim)
A3: Overall Evaluation | B3: Accept | C3: Confidence | D3: High
A4: Paper Type | B4: Should be accepted as a Long Paper
A6: All wording below is copied directly from the uploaded review text.
A7: Section | B7: Point # | C7: Source Line | D7: Verbatim Reviewer Text
A8: Paper Summary | B8: 1 | C8: 308 | D8: This paper presents a graph embedding based frame- work for Legal Judgment Prediction over Indian court decisions. The approach constructs a heterogeneous knowledge graph from raw judg- ments using legal named entities, rhetorical-roles of texts and outcome labels after multi-hearing case consolidation. Additionally, we introduce a comprehensively annotated dataset of over 73,000 Indian court cases spanning five legal domains, which will be released to support down- stream legal NLP research. The proposed framework, using a Heteroge- neous Graph Transformer, achieves 80.6% accuracy and a 0.796 macro-F1 score in the pooled cross-domain setting. The pipeline also incorporates explainability that identifies the entities that maximally influence each prediction.
A9: Strengths | B9: 1 | C9: 310 | D9: good modeling of legal influencing forces in a graph
A10: Strengths | B10: 2 | C10: 311 | D10: good dataset description.
A11: Strengths | B11: 3 | C11: 312 | D11: the workflow implemented is clear.
A12: Strengths | B12: 4 | C12: 313 | D12: both a framework and a dataset are presented.
A13: Weaknesses | B13: 1 | C13: 315 | D13: it would be desirable to provide the framework and dataset on a Github repo.
A14: Overall evaluation | B14: 1 | C14: 317 | D14: Accept
A15: Detailed Comments | B15: 1 | C15: 319 | D15: good modeling of legal influencing forces in a graph
A16: Detailed Comments | B16: 2 | C16: 320 | D16: good dataset description.
A17: Detailed Comments | B17: 3 | C17: 321 | D17: the workflow implemented is clear.
A18: Detailed Comments | B18: 4 | C18: 322 | D18: both a framework and a dataset are presented.
A19: Paper Type (if accepted) | B19: 1 | C19: 324 | D19: Should be accepted as a Long Paper
A20: Reviewer's confidence | B20: 1 | C20: 326 | D20: High

Sheet Reviewer 5 To-Do
A1: Reviewer #5 — Revision To-Do Tracker
A3: Overall Evaluation | B3: Accept | C3: Confidence | D3: High | E3: Total Tasks | F3: =COUNTA(A9:A9) | G3: Done | H3: =COUNTIF(H9:H9,"Done") | I3: Completion | J3: =IF(F3=0,0,H3/F3)
A5: Reviewer quotations are verbatim. Update only the tracking, response, and paper-location columns.
A8: Task ID | B8: Category | C8: Source Section | D8: Source Line(s) | E8: Verbatim Reviewer Point | F8: Suggested Action | G8: Priority | H8: Status | I8: Author Response / Change Made | J8: Paper Section / Location
A9: R5-01 | B9: Release | C9: Weaknesses | D9: 315 | E9: it would be desirable to provide the framework and dataset on a Github repo. | F9: Provide the framework and dataset through a GitHub repository, or clearly state the release timeline and access conditions. | G9: Medium | H9: Not Started

Sheet Reviewer 6 Review
A1: Reviewer #6 — Complete Review (Verbatim)
A3: Overall Evaluation | B3: Borderline Paper | C3: Confidence | D3: High
A4: Paper Type | B4: Should be accepted as a Long Paper
A6: All wording below is copied directly from the uploaded review text.
A7: Section | B7: Point # | C7: Source Line | D7: Verbatim Reviewer Text
A8: Paper Summary | B8: 1 | C8: 330 | D8: This paper tackles binary Legal Judgment Prediction (allowed vs. dismissed) over Indian High Court cases. The pitch is that instead of feeding flat text to a classifier, the authors extract legal entities and rhetorical roles with OpenNyAI, consolidate multi-hearing timelines, strip the decision-bearing parts of the document, and assemble a heterogeneous graph, including cases, sections, statutes, provisions, precedents, judges, lawyers and parties. The headline contributions are the corpus, the leakage-aware graph design, and the auditability layer.
A9: Strengths | B9: 1 | C9: 332 | D9: 1. Technical novelty and innovation: The novelty is more in the engineering discipline than in the model. Heterogeneous Graph Transfermer (HGT) is ready-made, BGE-M3 and InLegalBERT are existing encoders. What's genuinely uncommon and credited to authors is treating leakage as a first-class design constraint rather than an afterthought, masking canonical disposition phrases, keeping actor identities case-local, and then stress-testing the result. Other topic related papers usually don't do half of this.
A10: Strengths | B10: 2 | C10: 333 | D10: 2. Experimental rigor and validation: Breadth is good with ten structural ablations, five domains, two encoders, 5-fold CV on case-level splits. The mask-sensitivity audit (Table 6) and the contrastive boundary subgraph (Fig. 3) are the kind of probing analysis I wish more applied GNN papers included.
A11: Strengths | B11: 3 | C11: 334 | D11: 3. Significance of contributions: A large, openly released Indian LJP corpus with rhetorical roles and multi-hearing consolidation has real value to the community, and the auditability framing is the right direction for a high-stakes domain. The data alone is a contribution.
A12: Weaknesses | B12: 1 | C12: 336 | D12: 1. Technical limitations or concerns: The central problem is the labels. The outcome labels are LLM-generated (from the context: "a consistency-checked LLM prompt over pre-outcome texts," from 3.1), with no human-validated gold subset or error rate.
A13: Weaknesses | B13: 2 | C13: 337 | D13: 2. Experimental gaps or methodological issues: (1) Lack of real text baseline. "Text-only" still runs inside the HGT case-star graph. It is not a fine-tuned InLegalBERT/Longformer classifier, not TF-IDF+SVM, not even a majority-class baseline. So the claim of "decisive advantage over flat text" has no flat-text comparator. (2) The LLM comparison is a weak. InLegalLlama is run zero-shot with a JSON prompt, parses only 53.2% of the time, and accuracy is computed on the parsed subset which is a biased denominator.
A14: Weaknesses | B14: 3 | C14: 338 | D14: 3. The paper's own ablation contradicts one of its core claims. §4.2 states that "disabling cross-case edges (Isolated) slightly reduces performance," yet in Table 2 the Isolated configuration scores higher than Full Network on both summary columns under BGE-M3: cross-bucket 78.37 vs 78.11 and avg-domain 80.42 vs 80.31. Since global cross-case authority sharing is billed as a central contribution and the 2-layer depth is what makes it operative, the fact that removing it does not hurt directly undercuts the thesis.
A15: Overall evaluation | B15: 1 | C15: 340 | D15: Borderline Paper
A16: Detailed Comments | B16: 1 | C16: 342 | D16: As discussed above in the Weakness Section.
A17: Paper Type (if accepted) | B17: 1 | C17: 344 | D17: Should be accepted as a Long Paper
A18: Reviewer's confidence | B18: 1 | C18: 346 | D18: High

Sheet Reviewer 6 To-Do
A1: Reviewer #6 — Revision To-Do Tracker
A3: Overall Evaluation | B3: Borderline Paper | C3: Confidence | D3: High | E3: Total Tasks | F3: =COUNTA(A9:A11) | G3: Done | H3: =COUNTIF(H9:H11,"Done") | I3: Completion | J3: =IF(F3=0,0,H3/F3)
A5: Reviewer quotations are verbatim. Update only the tracking, response, and paper-location columns.
A8: Task ID | B8: Category | C8: Source Section | D8: Source Line(s) | E8: Verbatim Reviewer Point | F8: Suggested Action | G8: Priority | H8: Status | I8: Author Response / Change Made | J8: Paper Section / Location
A9: R6-01 | B9: Label quality | C9: Weaknesses | D9: 336 | E9: 1. Technical limitations or concerns: The central problem is the labels. The outcome labels are LLM-generated (from the context: "a consistency-checked LLM prompt over pre-outcome texts," from 3.1), with no human-validated gold subset or error rate. | F9: Create and report a human-validated gold subset and estimate the label error/noise rate. | G9: High | H9: Not Started
A10: R6-02 | B10: Baselines & LLM comparison | C10: Weaknesses | D10: 337 | E10: 2. Experimental gaps or methodological issues: (1) Lack of real text baseline. "Text-only" still runs inside the HGT case-star graph. It is not a fine-tuned InLegalBERT/Longformer classifier, not TF-IDF+SVM, not even a majority-class baseline. So the claim of "decisive advantage over flat text" has no flat-text comparator. (2) The LLM comparison is a weak. InLegalLlama is run zero-shot with a JSON prompt, parses only 53.2% of the time, and accuracy is computed on the parsed subset which is a biased denominator. | F10: Add a true flat-text baseline and correct/qualify the InLegalLlama comparison and denominator. | G10: High | H10: Done | I10: Added genuine leakage-sanitized flat-text classifiers on the same 71,813 cases and five case-level folds. Linear SVM obtains 83.13% accuracy / 0.8251 macro-F1 versus HGT 80.63% / 0.8002, so predictive-superiority claims over flat text were removed. Corrected InLegalLlama to the full 14,363-case denominator with unparseable outputs treated as incorrect abstentions: CPT coverage 53.2%, accuracy 33.22%, macro-F1 0.3914; SFT coverage 78.7%, accuracy 48.42%, macro-F1 0.3585. Parsed-only values are retained only as selective diagnostics, and the one-fold zero-shot scope is stated. | J10: 8pg_paper.tex: Abstract; Predictive Performance/Table 2; Limitations; Conclusion. Evidence: codes/R6_02_flat_text_llm_denominator/outputs/report_r6_02.md
A11: R6-03 | B11: Ablations & claims | C11: Weaknesses | D11: 338 | E11: 3. The paper's own ablation contradicts one of its core claims. §4.2 states that "disabling cross-case edges (Isolated) slightly reduces performance," yet in Table 2 the Isolated configuration scores higher than Full Network on both summary columns under BGE-M3: cross-bucket 78.37 vs 78.11 and avg-domain 80.42 vs 80.31. Since global cross-case authority sharing is billed as a central contribution and the 2-layer depth is what makes it operative, the fact that removing it does not hurt directly undercuts the thesis. | F11: Resolve the Isolated-vs-Full Network contradiction and revise the cross-case authority-sharing claim accordingly. | G11: High | H11: Not Started
